change,drug,who_confidence,is_RRDR,total_samples,overall_freq,mdr_freq,susc_freq,avg_allele_freq
p.Ser450Leu,rifampicin,Assoc w R,1,426,0.2294,0.442,0.0416,0.9899
p.Ser450Leu,rifapentine,Assoc w R,1,426,0.2294,0.442,0.0416,0.9899
p.Leu452Pro,rifapentine,Assoc w R,1,246,0.1325,0.2675,0.0132,0.9911
p.Leu452Pro,rifampicin,Assoc w R,1,246,0.1325,0.2675,0.0132,0.9911
p.Asp435Gly,rifapentine,Assoc w R - Interim,1,193,0.1039,0.2216,0.0,1.0084
p.Asp435Gly,rifampicin,Assoc w R - Interim,1,193,0.1039,0.2216,0.0,1.0084
p.Asp435Val,rifampicin,Assoc w R,1,124,0.0668,0.1366,0.0051,0.9919
p.Asp435Val,rifapentine,Assoc w R,1,124,0.0668,0.1366,0.0051,0.9919
p.Leu430Pro,rifampicin,Assoc w R,1,43,0.0232,0.0218,0.0243,0.9818
p.Leu430Pro,rifapentine,Assoc w R,1,43,0.0232,0.0218,0.0243,0.9818
p.His445Tyr,rifapentine,Assoc w R,1,41,0.0221,0.0276,0.0172,0.9828
p.His445Tyr,rifampicin,Assoc w R,1,41,0.0221,0.0276,0.0172,0.9828
p.His445Leu,rifapentine,Assoc w R,1,25,0.0135,0.0253,0.003,0.9725
p.His445Leu,rifampicin,Assoc w R,1,25,0.0135,0.0253,0.003,0.9725
p.His445Asp,rifapentine,Assoc w R,1,23,0.0124,0.0126,0.0122,0.9503
p.His445Asp,rifampicin,Assoc w R,1,23,0.0124,0.0126,0.0122,0.9503
p.Asp435Tyr,rifapentine,Assoc w R,1,20,0.0108,0.0161,0.0061,0.9595
p.Asp435Tyr,rifampicin,Assoc w R,1,20,0.0108,0.0161,0.0061,0.9595
p.His445Asn,rifapentine,Assoc w R,1,18,0.0097,0.008,0.0112,0.9565
p.His445Asn,rifampicin,Assoc w R,1,18,0.0097,0.008,0.0112,0.9565
p.Ala451Val,rifampicin,Assoc w R - Interim,1,3,0.0016,0.0034,0.0,1.0
p.Ser450Trp,rifampicin,Assoc w R,1,3,0.0016,0.0034,0.0,0.893
p.Ser450Trp,rifapentine,Assoc w R,1,3,0.0016,0.0034,0.0,0.893
p.Ala451Val,rifapentine,Assoc w R - Interim,1,3,0.0016,0.0034,0.0,1.0
p.Met434Ile,rifampicin,Assoc w R - Interim,1,2,0.0011,0.0023,0.0,0.6585
p.Met434Ile,rifapentine,Assoc w R - Interim,1,2,0.0011,0.0023,0.0,0.6585
p.His445Pro,rifampicin,Assoc w R - Interim,1,2,0.0011,0.0,0.002,1.0024
p.Asn437Ser,rifampicin,Assoc w R - Interim,1,2,0.0011,0.0023,0.0,1.0144
p.His445Pro,rifapentine,Assoc w R - Interim,1,2,0.0011,0.0,0.002,1.0024
p.Asn437Ser,rifapentine,Assoc w R - Interim,1,2,0.0011,0.0023,0.0,1.0144
p.Gln432Lys,rifampicin,Assoc w R,1,2,0.0011,0.0023,0.0,1.0024
p.Gln432Lys,rifapentine,Assoc w R,1,2,0.0011,0.0023,0.0,1.0024
c.1296_1304delATTCATGGA,rifapentine,Assoc w R,1,2,0.0011,0.0,0.002,0.8587
c.1296_1304delATTCATGGA,rifampicin,Assoc w R,1,2,0.0011,0.0,0.002,0.8587
p.Asn437Asp,rifapentine,Assoc w R - Interim,1,1,0.0005,0.0,0.001,0.3356
p.Asn437Asp,rifampicin,Assoc w R - Interim,1,1,0.0005,0.0,0.001,0.3356
c.1312_1314delAAC,rifapentine,Assoc w R - Interim,1,1,0.0005,0.0,0.001,0.6273
c.1312_1314delAAC,rifampicin,Assoc w R - Interim,1,1,0.0005,0.0,0.001,0.6273
c.1306_1308delCAG,rifapentine,Assoc w R - Interim,1,1,0.0005,0.0,0.001,0.9348
c.1306_1308delCAG,rifampicin,Assoc w R - Interim,1,1,0.0005,0.0,0.001,0.9348
c.1294_1299delCAATTC,rifapentine,Assoc w R - Interim,1,1,0.0005,0.0,0.001,0.6535
c.1294_1299delCAATTC,rifampicin,Assoc w R - Interim,1,1,0.0005,0.0,0.001,0.6535
p.Asp435Asn,rifapentine,Assoc w R - Interim,1,1,0.0005,0.0011,0.0,1.0
p.Asp435Asn,rifampicin,Assoc w R - Interim,1,1,0.0005,0.0011,0.0,1.0
p.Asp435Ala,rifapentine,Assoc w R - Interim,1,1,0.0005,0.0011,0.0,1.0
p.Asp435Ala,rifampicin,Assoc w R - Interim,1,1,0.0005,0.0011,0.0,1.0
p.Asn438Lys,rifapentine,Assoc w R - Interim,1,1,0.0005,0.0011,0.0,1.0
p.Asn438Lys,rifampicin,Assoc w R - Interim,1,1,0.0005,0.0011,0.0,1.0
p.Ser441Leu,rifapentine,Assoc w R,1,1,0.0005,0.0,0.001,1.0
p.Ser441Leu,rifampicin,Assoc w R,1,1,0.0005,0.0,0.001,1.0
p.Ser441Ala,rifapentine,Assoc w R - Interim,1,1,0.0005,0.0,0.001,0.2522
p.Ser441Ala,rifampicin,Assoc w R - Interim,1,1,0.0005,0.0,0.001,0.2522
p.Ser431Thr,rifapentine,Assoc w R - Interim,1,1,0.0005,0.0011,0.0,0.1695
p.Ser431Thr,rifampicin,Assoc w R - Interim,1,1,0.0005,0.0011,0.0,0.1695
p.Ile491Phe,rifampicin,Assoc w R,0,29,0.0156,0.0333,0.0,0.9975
p.Ile491Phe,rifapentine,Assoc w R,0,29,0.0156,0.0333,0.0,0.9975
p.Phe424Leu,rifampicin,Uncertain significance,0,10,0.0054,0.0115,0.0,0.9994
p.Phe424Leu,rifapentine,Uncertain significance,0,10,0.0054,0.0115,0.0,0.9994
p.Val170Phe,rifampicin,Assoc w R,0,8,0.0043,0.008,0.001,0.8368
p.Val170Phe,rifapentine,Assoc w R,0,8,0.0043,0.008,0.001,0.8368
p.Leu464Met,rifampicin,,0,2,0.0011,0.0011,0.001,0.2164
p.Ile480Val,rifapentine,Uncertain significance,0,1,0.0005,0.0011,0.0,0.8571
p.Ile480Val,rifampicin,Uncertain significance,0,1,0.0005,0.0011,0.0,0.8571
p.Pro454Arg,rifapentine,Uncertain significance,0,1,0.0005,0.0011,0.0,1.0
p.Pro454Arg,rifampicin,Uncertain significance,0,1,0.0005,0.0011,0.0,1.0
p.Ser493Leu,rifapentine,Uncertain significance,0,1,0.0005,0.0011,0.0,1.011
p.Ser493Leu,rifampicin,Uncertain significance,0,1,0.0005,0.0011,0.0,1.011
